ExternalGeranCellId,Parameter,External,Internal,e_NodeId,i_NodeId,equal,IsNumeric,final_command
CGMIRF7B,bcc,,0,CBEC5,CBEB0,False,False,"SET
FDN:""SubNetwork=ONRM_RootMo,SubNetwork=AXE,MeContext=CBEC5,ManagedElement=CBEC5,BscFunction=1,BscM=1,ExternalGeranCellM=1,ExternalGeranCell=CGMIRF7B""
bcc:0
bcchNo:78
bsPwr:43
bsRxMin:96
bsTxPwr:43
cgi:470-02-1133-15118
layer:3
layerThr:-80
msRxMin:98
msTxPwr:33
ncc:5"
CC0XI7A,bcc,,0,CBEC4,CBEC0,False,False,"SET
FDN:""SubNetwork=ONRM_RootMo,SubNetwork=AXE,MeContext=CBEC4,ManagedElement=CBEC4,BscFunction=1,BscM=1,ExternalGeranCellM=1,ExternalGeranCell=CC0XI7A""
bcc:0
bcchNo:76
bsPwr:40
bsRxMin:96
bsTxPwr:40
cgi:470-02-1530-6517
layer:3
msRxMin:98
msTxPwr:33
ncc:5"
CMBRRC8A,bcc,,1,DBEA5,DBEA1,False,False,"SET
FDN:""SubNetwork=ONRM_RootMo,SubNetwork=AXE,MeContext=DBEA5,ManagedElement=DBEA5,BscFunction=1,BscM=1,ExternalGeranCellM=1,ExternalGeranCell=CMBRRC8A""
bcc:1
bcchNo:59
bsPwr:43
bsRxMin:96
bsTxPwr:43
cgi:470-02-1897-17908
layer:3
msRxMin:98
msTxPwr:33
ncc:1"
CGMIRF7C,bcc,,1,CBEA8,CBEB0,False,False,"SET
FDN:""SubNetwork=ONRM_RootMo,SubNetwork=AXE,MeContext=CBEA8,ManagedElement=CBEA8,BscFunction=1,BscM=1,ExternalGeranCellM=1,ExternalGeranCell=CGMIRF7C""
bcc:1
bcchNo:1023
bsPwr:43
bsRxMin:96
bsTxPwr:43
cgi:470-02-1133-15119
layer:3
layerThr:-80
msRxMin:98
msTxPwr:33
ncc:7"
CC4D29A,bcchNo,1022.0,76,CBEC0,CBEC4,False,False,"SET
FDN:""SubNetwork=ONRM_RootMo,SubNetwork=AXE,MeContext=CBEC0,ManagedElement=CBEC0,BscFunction=1,BscM=1,ExternalGeranCellM=1,ExternalGeranCell=CC4D29A""
bcchNo:76"
CC5M57C,bcchNo,1022.0,62,CBEB1,CBEC5,False,False,"SET
FDN:""SubNetwork=ONRM_RootMo,SubNetwork=AXE,MeContext=CBEB1,ManagedElement=CBEB1,BscFunction=1,BscM=1,ExternalGeranCellM=1,ExternalGeranCell=CC5M57C""
bcchNo:62"
KCPNC04C,bcchNo,1019.0,79,DBEA3,CBEB1,False,False,"SET
FDN:""SubNetwork=ONRM_RootMo,SubNetwork=AXE,MeContext=DBEA3,ManagedElement=DBEA3,BscFunction=1,BscM=1,ExternalGeranCellM=1,ExternalGeranCell=KCPNC04C""
bcchNo:79"
CGCDG67B,bsPwr,42,40,CBEC2,CBEB3,False,False,"SET
FDN:""SubNetwork=ONRM_RootMo,SubNetwork=AXE,MeContext=CBEC2,ManagedElement=CBEC2,BscFunction=1,BscM=1,ExternalGeranCellM=1,ExternalGeranCell=CGCDG67B""
bsPwr:40
bsRxMin:96
bsRxSuff:150
bsTxPwr:40
layer:3
msRxMin:98"
CC3O52A,bsPwr,42,40,CBEC2,CBEC3,False,False,"SET
FDN:""SubNetwork=ONRM_RootMo,SubNetwork=AXE,MeContext=CBEC2,ManagedElement=CBEC2,BscFunction=1,BscM=1,ExternalGeranCellM=1,ExternalGeranCell=CC3O52A""
bsPwr:40
bsRxMin:96
bsRxSuff:150
bsTxPwr:40
layer:3
msRxMin:98"
CC3L74A,bsPwr,42,40,CBEC2,CBEC3,False,False,"SET
FDN:""SubNetwork=ONRM_RootMo,SubNetwork=AXE,MeContext=CBEC2,ManagedElement=CBEC2,BscFunction=1,BscM=1,ExternalGeranCellM=1,ExternalGeranCell=CC3L74A""
bsPwr:40
bsRxMin:96
bsRxSuff:150
bsTxPwr:40
msRxMin:98"
CC3L74B,bsPwr,42,40,CBEC2,CBEC3,False,False,"SET
FDN:""SubNetwork=ONRM_RootMo,SubNetwork=AXE,MeContext=CBEC2,ManagedElement=CBEC2,BscFunction=1,BscM=1,ExternalGeranCellM=1,ExternalGeranCell=CC3L74B""
bsPwr:40
bsRxMin:96
bsRxSuff:150
bsTxPwr:40
msRxMin:98"
CC3L74C,bsPwr,42,40,CBEC2,CBEC3,False,False,"SET
FDN:""SubNetwork=ONRM_RootMo,SubNetwork=AXE,MeContext=CBEC2,ManagedElement=CBEC2,BscFunction=1,BscM=1,ExternalGeranCellM=1,ExternalGeranCell=CC3L74C""
bsPwr:40
bsRxMin:96
bsRxSuff:150
bsTxPwr:40
msRxMin:98"
CC3O12A,bsPwr,42,40,CBEC2,CBEC3,False,False,"SET
FDN:""SubNetwork=ONRM_RootMo,SubNetwork=AXE,MeContext=CBEC2,ManagedElement=CBEC2,BscFunction=1,BscM=1,ExternalGeranCellM=1,ExternalGeranCell=CC3O12A""
bsPwr:40
bsRxMin:96
bsRxSuff:150
bsTxPwr:40
msRxMin:98"
CC3O12C,bsPwr,42,40,CBEC2,CBEC3,False,False,"SET
FDN:""SubNetwork=ONRM_RootMo,SubNetwork=AXE,MeContext=CBEC2,ManagedElement=CBEC2,BscFunction=1,BscM=1,ExternalGeranCellM=1,ExternalGeranCell=CC3O12C""
bsPwr:40
bsRxMin:96
bsRxSuff:150
bsTxPwr:40
msRxMin:98"
CC3O52C,bsPwr,42,40,CBEC2,CBEC3,False,False,"SET
FDN:""SubNetwork=ONRM_RootMo,SubNetwork=AXE,MeContext=CBEC2,ManagedElement=CBEC2,BscFunction=1,BscM=1,ExternalGeranCellM=1,ExternalGeranCell=CC3O52C""
bsPwr:40
bsRxMin:96
bsRxSuff:150
bsTxPwr:40
msRxMin:98"
CC3O68C,bsPwr,42,40,CBEC2,CBEC3,False,False,"SET
FDN:""SubNetwork=ONRM_RootMo,SubNetwork=AXE,MeContext=CBEC2,ManagedElement=CBEC2,BscFunction=1,BscM=1,ExternalGeranCellM=1,ExternalGeranCell=CC3O68C""
bsPwr:40
bsRxMin:96
bsRxSuff:150
bsTxPwr:40
msRxMin:98"
CC3B44C,bsPwr,42,43,CBEC2,CBEC3,False,False,"SET
FDN:""SubNetwork=ONRM_RootMo,SubNetwork=AXE,MeContext=CBEC2,ManagedElement=CBEC2,BscFunction=1,BscM=1,ExternalGeranCellM=1,ExternalGeranCell=CC3B44C""
bsPwr:43
bsRxMin:96
bsRxSuff:150
bsTxPwr:43
msRxMin:98"
CC3G60A,bsPwr,42,43,CBEC2,CBEC3,False,False,"SET
FDN:""SubNetwork=ONRM_RootMo,SubNetwork=AXE,MeContext=CBEC2,ManagedElement=CBEC2,BscFunction=1,BscM=1,ExternalGeranCellM=1,ExternalGeranCell=CC3G60A""
bsPwr:43
bsRxMin:96
bsRxSuff:150
bsTxPwr:43
msRxMin:98
msTxPwr:37"
CC3885C,bsPwr,42,43,CBEC2,CBEC3,False,False,"SET
FDN:""SubNetwork=ONRM_RootMo,SubNetwork=AXE,MeContext=CBEC2,ManagedElement=CBEC2,BscFunction=1,BscM=1,ExternalGeranCellM=1,ExternalGeranCell=CC3885C""
bsPwr:43
bsRxMin:96
bsRxSuff:150
bsTxPwr:43
msRxMin:98
msTxPwr:37"
CC3063C,bsPwr,42,43,CBEC2,CBEC3,False,False,"SET
FDN:""SubNetwork=ONRM_RootMo,SubNetwork=AXE,MeContext=CBEC2,ManagedElement=CBEC2,BscFunction=1,BscM=1,ExternalGeranCellM=1,ExternalGeranCell=CC3063C""
bsPwr:43
bsRxMin:96
bsRxSuff:150
bsTxPwr:43
msRxMin:98"
CC3B44A,bsPwr,42,40,CBEC2,CBEC3,False,False,"SET
FDN:""SubNetwork=ONRM_RootMo,SubNetwork=AXE,MeContext=CBEC2,ManagedElement=CBEC2,BscFunction=1,BscM=1,ExternalGeranCellM=1,ExternalGeranCell=CC3B44A""
bsPwr:40
bsRxMin:96
bsRxSuff:150
bsTxPwr:40
msRxMin:98"
CGCDG53C,bsPwr,42,43,CBEC2,CBEB3,False,False,"SET
FDN:""SubNetwork=ONRM_RootMo,SubNetwork=AXE,MeContext=CBEC2,ManagedElement=CBEC2,BscFunction=1,BscM=1,ExternalGeranCellM=1,ExternalGeranCell=CGCDG53C""
bsPwr:43
bsRxMin:96
bsRxSuff:150
bsTxPwr:41
msRxMin:98"
CGCDG67C,bsPwr,42,40,CBEC2,CBEB3,False,False,"SET
FDN:""SubNetwork=ONRM_RootMo,SubNetwork=AXE,MeContext=CBEC2,ManagedElement=CBEC2,BscFunction=1,BscM=1,ExternalGeranCellM=1,ExternalGeranCell=CGCDG67C""
bsPwr:40
bsRxMin:96
bsRxSuff:150
bsTxPwr:40
msRxMin:98"
CGCDG28C,bsPwr,42,43,CBEC2,CBEB3,False,False,"SET
FDN:""SubNetwork=ONRM_RootMo,SubNetwork=AXE,MeContext=CBEC2,ManagedElement=CBEC2,BscFunction=1,BscM=1,ExternalGeranCellM=1,ExternalGeranCell=CGCDG28C""
bsPwr:43
bsRxMin:96
bsRxSuff:150
bsTxPwr:43
msRxMin:98"
CGCDG53B,bsPwr,42,43,CBEC2,CBEB3,False,False,"SET
FDN:""SubNetwork=ONRM_RootMo,SubNetwork=AXE,MeContext=CBEC2,ManagedElement=CBEC2,BscFunction=1,BscM=1,ExternalGeranCellM=1,ExternalGeranCell=CGCDG53B""
bsPwr:43
bsRxMin:96
bsRxSuff:150
bsTxPwr:43
msRxMin:98"
CGCDG53A,bsPwr,42,43,CBEC2,CBEB3,False,False,"SET
FDN:""SubNetwork=ONRM_RootMo,SubNetwork=AXE,MeContext=CBEC2,ManagedElement=CBEC2,BscFunction=1,BscM=1,ExternalGeranCellM=1,ExternalGeranCell=CGCDG53A""
bsPwr:43
bsRxMin:96
bsRxSuff:150
bsTxPwr:43
msRxMin:98"
CGBYZ16B,bsPwr,42,43,CBEC2,CBEB3,False,False,"SET
FDN:""SubNetwork=ONRM_RootMo,SubNetwork=AXE,MeContext=CBEC2,ManagedElement=CBEC2,BscFunction=1,BscM=1,ExternalGeranCellM=1,ExternalGeranCell=CGBYZ16B""
bsPwr:43
bsRxMin:96
bsRxSuff:150
bsTxPwr:43
msRxMin:98"
CGBYZ78B,bsPwr,42,40,CBEC2,CBEB3,False,False,"SET
FDN:""SubNetwork=ONRM_RootMo,SubNetwork=AXE,MeContext=CBEC2,ManagedElement=CBEC2,BscFunction=1,BscM=1,ExternalGeranCellM=1,ExternalGeranCell=CGBYZ78B""
bsPwr:40
bsRxMin:96
bsRxSuff:150
bsTxPwr:40
msRxMin:98"
LXRGN10C,bsPwr,42,43,DBEA2,CBEA5,False,False,"SET
FDN:""SubNetwork=ONRM_RootMo,SubNetwork=AXE,MeContext=DBEA2,ManagedElement=DBEA2,BscFunction=1,BscM=1,ExternalGeranCellM=1,ExternalGeranCell=LXRGN10C""
bsPwr:43
bsRxMin:96
bsRxSuff:150
bsTxPwr:43
layer:3
layerThr:-80
msRxMin:98"
DA5IF4B,bsPwr,42,40,DBEA4,DBEA5,False,False,"SET
FDN:""SubNetwork=ONRM_RootMo,SubNetwork=AXE,MeContext=DBEA4,ManagedElement=DBEA4,BscFunction=1,BscM=1,ExternalGeranCellM=1,ExternalGeranCell=DA5IF4B""
bsPwr:40
bsRxMin:96
bsRxSuff:150
bsTxPwr:40
msRxMin:98"
DA5XY2B,bsPwr,42,40,DBEA4,DBEA5,False,False,"SET
FDN:""SubNetwork=ONRM_RootMo,SubNetwork=AXE,MeContext=DBEA4,ManagedElement=DBEA4,BscFunction=1,BscM=1,ExternalGeranCellM=1,ExternalGeranCell=DA5XY2B""
bsPwr:40
bsRxMin:96
bsRxSuff:150
bsTxPwr:40
msRxMin:98"
DA5704C,bsPwr,42,43,DBEA4,DBEA5,False,False,"SET
FDN:""SubNetwork=ONRM_RootMo,SubNetwork=AXE,MeContext=DBEA4,ManagedElement=DBEA4,BscFunction=1,BscM=1,ExternalGeranCellM=1,ExternalGeranCell=DA5704C""
bsPwr:43
bsRxMin:96
bsRxSuff:150
bsTxPwr:43
msRxMin:98"
DA5W39A,bsPwr,42,43,DBEA4,DBEA5,False,False,"SET
FDN:""SubNetwork=ONRM_RootMo,SubNetwork=AXE,MeContext=DBEA4,ManagedElement=DBEA4,BscFunction=1,BscM=1,ExternalGeranCellM=1,ExternalGeranCell=DA5W39A""
bsPwr:43
bsRxMin:96
bsRxSuff:150
bsTxPwr:43
msRxMin:98"
DA5BD7B,bsPwr,42,43,DBEA4,DBEA5,False,False,"SET
FDN:""SubNetwork=ONRM_RootMo,SubNetwork=AXE,MeContext=DBEA4,ManagedElement=DBEA4,BscFunction=1,BscM=1,ExternalGeranCellM=1,ExternalGeranCell=DA5BD7B""
bsPwr:43
bsRxMin:96
bsRxSuff:150
bsTxPwr:43
msRxMin:98"
DA5454B,bsPwr,42,43,DBEA4,DBEA5,False,False,"SET
FDN:""SubNetwork=ONRM_RootMo,SubNetwork=AXE,MeContext=DBEA4,ManagedElement=DBEA4,BscFunction=1,BscM=1,ExternalGeranCellM=1,ExternalGeranCell=DA5454B""
bsPwr:43
bsRxMin:96
bsRxSuff:150
bsTxPwr:43
msRxMin:98"
DA5454A,bsPwr,42,43,DBEA4,DBEA5,False,False,"SET
FDN:""SubNetwork=ONRM_RootMo,SubNetwork=AXE,MeContext=DBEA4,ManagedElement=DBEA4,BscFunction=1,BscM=1,ExternalGeranCellM=1,ExternalGeranCell=DA5454A""
bsPwr:43
bsRxMin:96
bsRxSuff:150
bsTxPwr:43
msRxMin:98"
DA5136A,bsPwr,42,43,DBEA4,DBEA5,False,False,"SET
FDN:""SubNetwork=ONRM_RootMo,SubNetwork=AXE,MeContext=DBEA4,ManagedElement=DBEA4,BscFunction=1,BscM=1,ExternalGeranCellM=1,ExternalGeranCell=DA5136A""
bsPwr:43
bsRxMin:96
bsRxSuff:150
bsTxPwr:43
msRxMin:98"
DA5NQ5A,bsPwr,42,40,DBEA4,DBEA5,False,False,"SET
FDN:""SubNetwork=ONRM_RootMo,SubNetwork=AXE,MeContext=DBEA4,ManagedElement=DBEA4,BscFunction=1,BscM=1,ExternalGeranCellM=1,ExternalGeranCell=DA5NQ5A""
bsPwr:40
bsRxMin:96
bsRxSuff:150
bsTxPwr:40
msRxMin:98"
DA5IF4A,bsPwr,42,40,DBEA4,DBEA5,False,False,"SET
FDN:""SubNetwork=ONRM_RootMo,SubNetwork=AXE,MeContext=DBEA4,ManagedElement=DBEA4,BscFunction=1,BscM=1,ExternalGeranCellM=1,ExternalGeranCell=DA5IF4A""
bsPwr:40
bsRxMin:96
bsRxSuff:150
bsTxPwr:40
msRxMin:98"
DA5RB6B,bsPwr,42,40,DBEA4,DBEA5,False,False,"SET
FDN:""SubNetwork=ONRM_RootMo,SubNetwork=AXE,MeContext=DBEA4,ManagedElement=DBEA4,BscFunction=1,BscM=1,ExternalGeranCellM=1,ExternalGeranCell=DA5RB6B""
bsPwr:40
bsRxMin:96
bsRxSuff:150
bsTxPwr:40
msRxMin:98"
DA5YK0B,bsPwr,42,43,DBEA4,DBEA5,False,False,"SET
FDN:""SubNetwork=ONRM_RootMo,SubNetwork=AXE,MeContext=DBEA4,ManagedElement=DBEA4,BscFunction=1,BscM=1,ExternalGeranCellM=1,ExternalGeranCell=DA5YK0B""
bsPwr:43
bsRxMin:96
bsRxSuff:150
bsTxPwr:43
msRxMin:98"
DA5ZD8B,bsPwr,42,43,DBEA4,DBEA5,False,False,"SET
FDN:""SubNetwork=ONRM_RootMo,SubNetwork=AXE,MeContext=DBEA4,ManagedElement=DBEA4,BscFunction=1,BscM=1,ExternalGeranCellM=1,ExternalGeranCell=DA5ZD8B""
bsPwr:43
bsRxMin:96
bsRxSuff:150
bsTxPwr:43
msRxMin:98"
DA5QU8B,bsPwr,42,40,DBEA4,DBEA5,False,False,"SET
FDN:""SubNetwork=ONRM_RootMo,SubNetwork=AXE,MeContext=DBEA4,ManagedElement=DBEA4,BscFunction=1,BscM=1,ExternalGeranCellM=1,ExternalGeranCell=DA5QU8B""
bsPwr:40
bsRxMin:96
bsRxSuff:150
bsTxPwr:40
msRxMin:98"
DA5704B,bsPwr,42,43,DBEA4,DBEA5,False,False,"SET
FDN:""SubNetwork=ONRM_RootMo,SubNetwork=AXE,MeContext=DBEA4,ManagedElement=DBEA4,BscFunction=1,BscM=1,ExternalGeranCellM=1,ExternalGeranCell=DA5704B""
bsPwr:43
bsRxMin:96
bsRxSuff:150
bsTxPwr:43
msRxMin:98"
DA5BN1C,bsPwr,42,43,DBEA4,DBEA5,False,False,"SET
FDN:""SubNetwork=ONRM_RootMo,SubNetwork=AXE,MeContext=DBEA4,ManagedElement=DBEA4,BscFunction=1,BscM=1,ExternalGeranCellM=1,ExternalGeranCell=DA5BN1C""
bsPwr:43
bsRxMin:96
bsRxSuff:150
bsTxPwr:43
msRxMin:98"
DA5YK0C,bsPwr,42,43,DBEA4,DBEA5,False,False,"SET
FDN:""SubNetwork=ONRM_RootMo,SubNetwork=AXE,MeContext=DBEA4,ManagedElement=DBEA4,BscFunction=1,BscM=1,ExternalGeranCellM=1,ExternalGeranCell=DA5YK0C""
bsPwr:43
bsRxMin:96
bsRxSuff:150
bsTxPwr:43
msRxMin:98"
DA5C52B,bsPwr,42,43,DBEA4,DBEA5,False,False,"SET
FDN:""SubNetwork=ONRM_RootMo,SubNetwork=AXE,MeContext=DBEA4,ManagedElement=DBEA4,BscFunction=1,BscM=1,ExternalGeranCellM=1,ExternalGeranCell=DA5C52B""
bsPwr:43
bsRxMin:96
bsRxSuff:150
bsTxPwr:43
msRxMin:98"
DA5C19A,bsPwr,42,43,DBEA4,DBEA5,False,False,"SET
FDN:""SubNetwork=ONRM_RootMo,SubNetwork=AXE,MeContext=DBEA4,ManagedElement=DBEA4,BscFunction=1,BscM=1,ExternalGeranCellM=1,ExternalGeranCell=DA5C19A""
bsPwr:43
bsRxMin:96
bsRxSuff:150
bsTxPwr:43
msRxMin:98"
DA5136C,bsPwr,42,43,DBEA4,DBEA5,False,False,"SET
FDN:""SubNetwork=ONRM_RootMo,SubNetwork=AXE,MeContext=DBEA4,ManagedElement=DBEA4,BscFunction=1,BscM=1,ExternalGeranCellM=1,ExternalGeranCell=DA5136C""
bsPwr:43
bsRxMin:96
bsRxSuff:150
bsTxPwr:43
msRxMin:98"
DA5A6TB,bsPwr,42,43,DBEA4,DBEA5,False,False,"SET
FDN:""SubNetwork=ONRM_RootMo,SubNetwork=AXE,MeContext=DBEA4,ManagedElement=DBEA4,BscFunction=1,BscM=1,ExternalGeranCellM=1,ExternalGeranCell=DA5A6TB""
bsPwr:43
bsRxMin:96
bsRxSuff:150
bsTxPwr:43
msRxMin:98"
DA5BN1B,bsPwr,42,43,DBEA4,DBEA5,False,False,"SET
FDN:""SubNetwork=ONRM_RootMo,SubNetwork=AXE,MeContext=DBEA4,ManagedElement=DBEA4,BscFunction=1,BscM=1,ExternalGeranCellM=1,ExternalGeranCell=DA5BN1B""
bsPwr:43
bsRxMin:96
bsRxSuff:150
bsTxPwr:43
msRxMin:98"
DA5BN1A,bsPwr,42,43,DBEA4,DBEA5,False,False,"SET
FDN:""SubNetwork=ONRM_RootMo,SubNetwork=AXE,MeContext=DBEA4,ManagedElement=DBEA4,BscFunction=1,BscM=1,ExternalGeranCellM=1,ExternalGeranCell=DA5BN1A""
bsPwr:43
bsRxMin:96
bsRxSuff:150
bsTxPwr:43
msRxMin:98"
DA5QU8A,bsPwr,42,40,DBEA4,DBEA5,False,False,"SET
FDN:""SubNetwork=ONRM_RootMo,SubNetwork=AXE,MeContext=DBEA4,ManagedElement=DBEA4,BscFunction=1,BscM=1,ExternalGeranCellM=1,ExternalGeranCell=DA5QU8A""
bsPwr:40
bsRxMin:96
bsRxSuff:150
bsTxPwr:40
msRxMin:98"
DA5731C,bsPwr,42,43,DBEA4,DBEA5,False,False,"SET
FDN:""SubNetwork=ONRM_RootMo,SubNetwork=AXE,MeContext=DBEA4,ManagedElement=DBEA4,BscFunction=1,BscM=1,ExternalGeranCellM=1,ExternalGeranCell=DA5731C""
bsPwr:43
bsRxMin:96
bsRxSuff:150
bsTxPwr:41
msRxMin:98"
DA5V89C,bsPwr,42,43,DBEA4,DBEA5,False,False,"SET
FDN:""SubNetwork=ONRM_RootMo,SubNetwork=AXE,MeContext=DBEA4,ManagedElement=DBEA4,BscFunction=1,BscM=1,ExternalGeranCellM=1,ExternalGeranCell=DA5V89C""
bsPwr:43
bsRxMin:96
bsRxSuff:150
bsTxPwr:43
msRxMin:98"
DA5731B,bsPwr,42,43,DBEA4,DBEA5,False,False,"SET
FDN:""SubNetwork=ONRM_RootMo,SubNetwork=AXE,MeContext=DBEA4,ManagedElement=DBEA4,BscFunction=1,BscM=1,ExternalGeranCellM=1,ExternalGeranCell=DA5731B""
bsPwr:43
bsRxMin:96
bsRxSuff:150
bsTxPwr:43
msRxMin:98"
DA5161B,bsPwr,42,43,DBEA4,DBEA5,False,False,"SET
FDN:""SubNetwork=ONRM_RootMo,SubNetwork=AXE,MeContext=DBEA4,ManagedElement=DBEA4,BscFunction=1,BscM=1,ExternalGeranCellM=1,ExternalGeranCell=DA5161B""
bsPwr:43
bsRxMin:96
bsRxSuff:150
bsTxPwr:43
msRxMin:98"
DA5C12B,bsPwr,42,43,DBEA4,DBEA5,False,False,"SET
FDN:""SubNetwork=ONRM_RootMo,SubNetwork=AXE,MeContext=DBEA4,ManagedElement=DBEA4,BscFunction=1,BscM=1,ExternalGeranCellM=1,ExternalGeranCell=DA5C12B""
bsPwr:43
bsRxMin:96
bsRxSuff:150
bsTxPwr:43
msRxMin:98"
DA5WD7C,bsPwr,42,40,DBEA4,DBEA5,False,False,"SET
FDN:""SubNetwork=ONRM_RootMo,SubNetwork=AXE,MeContext=DBEA4,ManagedElement=DBEA4,BscFunction=1,BscM=1,ExternalGeranCellM=1,ExternalGeranCell=DA5WD7C""
bsPwr:40
bsRxMin:96
bsRxSuff:150
bsTxPwr:40
msRxMin:98"
DA5161A,bsPwr,42,43,DBEA4,DBEA5,False,False,"SET
FDN:""SubNetwork=ONRM_RootMo,SubNetwork=AXE,MeContext=DBEA4,ManagedElement=DBEA4,BscFunction=1,BscM=1,ExternalGeranCellM=1,ExternalGeranCell=DA5161A""
bsPwr:43
bsRxMin:96
bsRxSuff:150
bsTxPwr:43
msRxMin:98"
DA5161C,bsPwr,42,43,DBEA4,DBEA5,False,False,"SET
FDN:""SubNetwork=ONRM_RootMo,SubNetwork=AXE,MeContext=DBEA4,ManagedElement=DBEA4,BscFunction=1,BscM=1,ExternalGeranCellM=1,ExternalGeranCell=DA5161C""
bsPwr:43
bsRxMin:96
bsRxSuff:150
bsTxPwr:43
msRxMin:98"
DA5136B,bsPwr,42,43,DBEA4,DBEA5,False,False,"SET
FDN:""SubNetwork=ONRM_RootMo,SubNetwork=AXE,MeContext=DBEA4,ManagedElement=DBEA4,BscFunction=1,BscM=1,ExternalGeranCellM=1,ExternalGeranCell=DA5136B""
bsPwr:43
bsRxMin:96
bsRxSuff:150
bsTxPwr:43
msRxMin:98"
DA5WD7A,bsPwr,42,40,DBEA4,DBEA5,False,False,"SET
FDN:""SubNetwork=ONRM_RootMo,SubNetwork=AXE,MeContext=DBEA4,ManagedElement=DBEA4,BscFunction=1,BscM=1,ExternalGeranCellM=1,ExternalGeranCell=DA5WD7A""
bsPwr:40
bsRxMin:96
bsRxSuff:150
bsTxPwr:40
msRxMin:98"
DA5WD7B,bsPwr,42,43,DBEA4,DBEA5,False,False,"SET
FDN:""SubNetwork=ONRM_RootMo,SubNetwork=AXE,MeContext=DBEA4,ManagedElement=DBEA4,BscFunction=1,BscM=1,ExternalGeranCellM=1,ExternalGeranCell=DA5WD7B""
bsPwr:43
bsRxMin:96
bsRxSuff:150
bsTxPwr:43
msRxMin:98"
DA5XY2C,bsPwr,42,40,DBEA4,DBEA5,False,False,"SET
FDN:""SubNetwork=ONRM_RootMo,SubNetwork=AXE,MeContext=DBEA4,ManagedElement=DBEA4,BscFunction=1,BscM=1,ExternalGeranCellM=1,ExternalGeranCell=DA5XY2C""
bsPwr:40
bsRxMin:96
bsRxSuff:150
bsTxPwr:40
msRxMin:98"
DA5NF3A,bsPwr,42,40,DBEA4,DBEA5,False,False,"SET
FDN:""SubNetwork=ONRM_RootMo,SubNetwork=AXE,MeContext=DBEA4,ManagedElement=DBEA4,BscFunction=1,BscM=1,ExternalGeranCellM=1,ExternalGeranCell=DA5NF3A""
bsPwr:40
bsRxMin:96
bsRxSuff:150
bsTxPwr:40
msRxMin:98"
DA5NF3B,bsPwr,42,40,DBEA4,DBEA5,False,False,"SET
FDN:""SubNetwork=ONRM_RootMo,SubNetwork=AXE,MeContext=DBEA4,ManagedElement=DBEA4,BscFunction=1,BscM=1,ExternalGeranCellM=1,ExternalGeranCell=DA5NF3B""
bsPwr:40
bsRxMin:96
bsRxSuff:150
bsTxPwr:40
msRxMin:98"
DA5BD7A,bsPwr,42,43,DBEA4,DBEA5,False,False,"SET
FDN:""SubNetwork=ONRM_RootMo,SubNetwork=AXE,MeContext=DBEA4,ManagedElement=DBEA4,BscFunction=1,BscM=1,ExternalGeranCellM=1,ExternalGeranCell=DA5BD7A""
bsPwr:43
bsRxMin:96
bsRxSuff:150
bsTxPwr:43
msRxMin:98"
DA5704A,bsPwr,42,43,DBEA4,DBEA5,False,False,"SET
FDN:""SubNetwork=ONRM_RootMo,SubNetwork=AXE,MeContext=DBEA4,ManagedElement=DBEA4,BscFunction=1,BscM=1,ExternalGeranCellM=1,ExternalGeranCell=DA5704A""
bsPwr:43
bsRxMin:96
bsRxSuff:150
bsTxPwr:43
msRxMin:98"
DA5V89A,bsPwr,42,43,DBEA4,DBEA5,False,False,"SET
FDN:""SubNetwork=ONRM_RootMo,SubNetwork=AXE,MeContext=DBEA4,ManagedElement=DBEA4,BscFunction=1,BscM=1,ExternalGeranCellM=1,ExternalGeranCell=DA5V89A""
bsPwr:43
bsRxMin:96
bsRxSuff:150
bsTxPwr:43
msRxMin:98"
DA5V89B,bsPwr,42,43,DBEA4,DBEA5,False,False,"SET
FDN:""SubNetwork=ONRM_RootMo,SubNetwork=AXE,MeContext=DBEA4,ManagedElement=DBEA4,BscFunction=1,BscM=1,ExternalGeranCellM=1,ExternalGeranCell=DA5V89B""
bsPwr:43
bsRxMin:96
bsRxSuff:150
bsTxPwr:43
msRxMin:98"
DA5748B,bsPwr,42,43,DBEA4,DBEA5,False,False,"SET
FDN:""SubNetwork=ONRM_RootMo,SubNetwork=AXE,MeContext=DBEA4,ManagedElement=DBEA4,BscFunction=1,BscM=1,ExternalGeranCellM=1,ExternalGeranCell=DA5748B""
bsPwr:43
bsRxMin:96
bsRxSuff:150
bsTxPwr:43
msRxMin:98"
DA5ZM5C,bsPwr,42,43,DBEA4,DBEA5,False,False,"SET
FDN:""SubNetwork=ONRM_RootMo,SubNetwork=AXE,MeContext=DBEA4,ManagedElement=DBEA4,BscFunction=1,BscM=1,ExternalGeranCellM=1,ExternalGeranCell=DA5ZM5C""
bsPwr:43
bsRxMin:96
bsRxSuff:150
bsTxPwr:43
msRxMin:98"
DA5ZH2B,bsPwr,42,43,DBEA4,DBEA5,False,False,"SET
FDN:""SubNetwork=ONRM_RootMo,SubNetwork=AXE,MeContext=DBEA4,ManagedElement=DBEA4,BscFunction=1,BscM=1,ExternalGeranCellM=1,ExternalGeranCell=DA5ZH2B""
bsPwr:43
bsRxMin:96
bsRxSuff:150
bsTxPwr:43
msRxMin:98"
DA5530A,bsPwr,42,43,DBEA4,DBEA5,False,False,"SET
FDN:""SubNetwork=ONRM_RootMo,SubNetwork=AXE,MeContext=DBEA4,ManagedElement=DBEA4,BscFunction=1,BscM=1,ExternalGeranCellM=1,ExternalGeranCell=DA5530A""
bsPwr:43
bsRxMin:96
bsRxSuff:150
bsTxPwr:43
msRxMin:98"
DA5C19B,bsPwr,42,43,DBEA4,DBEA5,False,False,"SET
FDN:""SubNetwork=ONRM_RootMo,SubNetwork=AXE,MeContext=DBEA4,ManagedElement=DBEA4,BscFunction=1,BscM=1,ExternalGeranCellM=1,ExternalGeranCell=DA5C19B""
bsPwr:43
bsRxMin:96
bsRxSuff:150
bsTxPwr:43
msRxMin:98"
DA5XY2A,bsPwr,42,40,DBEA4,DBEA5,False,False,"SET
FDN:""SubNetwork=ONRM_RootMo,SubNetwork=AXE,MeContext=DBEA4,ManagedElement=DBEA4,BscFunction=1,BscM=1,ExternalGeranCellM=1,ExternalGeranCell=DA5XY2A""
bsPwr:40
bsRxMin:96
bsRxSuff:150
bsTxPwr:40
msRxMin:98"
NOSNM33A,bsPwr,42,43,DBEA4,CBEA5,False,False,"SET
FDN:""SubNetwork=ONRM_RootMo,SubNetwork=AXE,MeContext=DBEA4,ManagedElement=DBEA4,BscFunction=1,BscM=1,ExternalGeranCellM=1,ExternalGeranCell=NOSNM33A""
bsPwr:43
bsRxMin:96
bsRxSuff:150
bsTxPwr:43
layer:3
msRxMin:98"
LXRGN10B,bsPwr,42,43,DBEA5,CBEA5,False,False,"SET
FDN:""SubNetwork=ONRM_RootMo,SubNetwork=AXE,MeContext=DBEA5,ManagedElement=DBEA5,BscFunction=1,BscM=1,ExternalGeranCellM=1,ExternalGeranCell=LXRGN10B""
bsPwr:43
bsRxMin:96
bsRxSuff:150
bsTxPwr:43
layer:3
layerThr:-80
msRxMin:98"
CMMHG27B,bsPwr,42,40,DBEA5,CBEA5,False,False,"SET
FDN:""SubNetwork=ONRM_RootMo,SubNetwork=AXE,MeContext=DBEA5,ManagedElement=DBEA5,BscFunction=1,BscM=1,ExternalGeranCellM=1,ExternalGeranCell=CMMHG27B""
bsPwr:40
bsRxMin:96
bsRxSuff:150
bsTxPwr:40
layer:3
msRxMin:98"
CMNKT79A,bsPwr,42,40,DBEA5,DBEA4,False,False,"SET
FDN:""SubNetwork=ONRM_RootMo,SubNetwork=AXE,MeContext=DBEA5,ManagedElement=DBEA5,BscFunction=1,BscM=1,ExternalGeranCellM=1,ExternalGeranCell=CMNKT79A""
bsPwr:40
bsRxMin:96
bsRxSuff:150
bsTxPwr:40
layer:3
msRxMin:98"
CMNKT39A,bsPwr,42,40,DBEA5,DBEA4,False,False,"SET
FDN:""SubNetwork=ONRM_RootMo,SubNetwork=AXE,MeContext=DBEA5,ManagedElement=DBEA5,BscFunction=1,BscM=1,ExternalGeranCellM=1,ExternalGeranCell=CMNKT39A""
bsPwr:40
bsRxMin:96
bsRxSuff:150
bsTxPwr:40
layer:3
msRxMin:98"
LXRGN41B,bsPwr,42,40,DBEA5,CBEA5,False,False,"SET
FDN:""SubNetwork=ONRM_RootMo,SubNetwork=AXE,MeContext=DBEA5,ManagedElement=DBEA5,BscFunction=1,BscM=1,ExternalGeranCellM=1,ExternalGeranCell=LXRGN41B""
bsPwr:40
bsRxMin:96
bsRxSuff:150
bsTxPwr:40
layer:3
msRxMin:98"
CGPCHD0A,bsPwr,42,43,CBEC3,CBEC2,False,False,"SET
FDN:""SubNetwork=ONRM_RootMo,SubNetwork=AXE,MeContext=CBEC3,ManagedElement=CBEC3,BscFunction=1,BscM=1,ExternalGeranCellM=1,ExternalGeranCell=CGPCHD0A""
bsPwr:43
bsRxMin:96
bsRxSuff:150
bsTxPwr:43
msRxMin:98"
CGPCHD0B,bsPwr,42,43,CBEC3,CBEC2,False,False,"SET
FDN:""SubNetwork=ONRM_RootMo,SubNetwork=AXE,MeContext=CBEC3,ManagedElement=CBEC3,BscFunction=1,BscM=1,ExternalGeranCellM=1,ExternalGeranCell=CGPCHD0B""
bsPwr:43
bsRxMin:96
bsRxSuff:150
bsTxPwr:43
msRxMin:98"
DA4YM6B,bsPwr,42,43,CBEA5,DBEA4,False,False,"SET
FDN:""SubNetwork=ONRM_RootMo,SubNetwork=AXE,MeContext=CBEA5,ManagedElement=CBEA5,BscFunction=1,BscM=1,ExternalGeranCellM=1,ExternalGeranCell=DA4YM6B""
bsPwr:43
bsRxMin:96
bsRxSuff:150
bsTxPwr:43
msRxMin:98"
DA5A8AB,bsPwr,42,43,CBEA5,DBEA5,False,False,"SET
FDN:""SubNetwork=ONRM_RootMo,SubNetwork=AXE,MeContext=CBEA5,ManagedElement=CBEA5,BscFunction=1,BscM=1,ExternalGeranCellM=1,ExternalGeranCell=DA5A8AB""
bsPwr:43
bsRxMin:96
bsRxSuff:150
bsTxPwr:43
msRxMin:98"
DA5452B,bsPwr,42,43,CBEA5,DBEA5,False,False,"SET
FDN:""SubNetwork=ONRM_RootMo,SubNetwork=AXE,MeContext=CBEA5,ManagedElement=CBEA5,BscFunction=1,BscM=1,ExternalGeranCellM=1,ExternalGeranCell=DA5452B""
bsPwr:43
bsRxMin:96
bsRxSuff:150
bsTxPwr:43
msRxMin:98"
DA5C83B,bsPwr,42,43,CBEA5,DBEA5,False,False,"SET
FDN:""SubNetwork=ONRM_RootMo,SubNetwork=AXE,MeContext=CBEA5,ManagedElement=CBEA5,BscFunction=1,BscM=1,ExternalGeranCellM=1,ExternalGeranCell=DA5C83B""
bsPwr:43
bsRxMin:96
bsRxSuff:150
bsTxPwr:43
msRxMin:98"
DA5C83A,bsPwr,42,43,CBEA5,DBEA5,False,False,"SET
FDN:""SubNetwork=ONRM_RootMo,SubNetwork=AXE,MeContext=CBEA5,ManagedElement=CBEA5,BscFunction=1,BscM=1,ExternalGeranCellM=1,ExternalGeranCell=DA5C83A""
bsPwr:43
bsRxMin:96
bsRxSuff:150
bsTxPwr:43
msRxMin:98"
DA5NV9B,bsPwr,42,40,CBEA5,DBEA5,False,False,"SET
FDN:""SubNetwork=ONRM_RootMo,SubNetwork=AXE,MeContext=CBEA5,ManagedElement=CBEA5,BscFunction=1,BscM=1,ExternalGeranCellM=1,ExternalGeranCell=DA5NV9B""
bsPwr:40
bsRxMin:96
bsRxSuff:150
bsTxPwr:40
msRxMin:98"
DA5E26B,bsPwr,42,43,CBEA5,DBEA5,False,False,"SET
FDN:""SubNetwork=ONRM_RootMo,SubNetwork=AXE,MeContext=CBEA5,ManagedElement=CBEA5,BscFunction=1,BscM=1,ExternalGeranCellM=1,ExternalGeranCell=DA5E26B""
bsPwr:43
bsRxMin:96
bsRxSuff:150
bsTxPwr:43
msRxMin:98"
DA2523A,bsPwr,42,43,CBEA5,DBEA2,False,False,"SET
FDN:""SubNetwork=ONRM_RootMo,SubNetwork=AXE,MeContext=CBEA5,ManagedElement=CBEA5,BscFunction=1,BscM=1,ExternalGeranCellM=1,ExternalGeranCell=DA2523A""
bsPwr:43
bsRxMin:96
bsRxSuff:150
bsTxPwr:43
msRxMin:98"
DA2523B,bsPwr,42,43,CBEA5,DBEA2,False,False,"SET
FDN:""SubNetwork=ONRM_RootMo,SubNetwork=AXE,MeContext=CBEA5,ManagedElement=CBEA5,BscFunction=1,BscM=1,ExternalGeranCellM=1,ExternalGeranCell=DA2523B""
bsPwr:43
bsRxMin:96
bsRxSuff:150
bsTxPwr:43
msRxMin:98"
DA2SG9A,bsPwr,42,40,CBEA5,DBEA2,False,False,"SET
FDN:""SubNetwork=ONRM_RootMo,SubNetwork=AXE,MeContext=CBEA5,ManagedElement=CBEA5,BscFunction=1,BscM=1,ExternalGeranCellM=1,ExternalGeranCell=DA2SG9A""
bsPwr:40
bsRxMin:96
bsRxSuff:150
bsTxPwr:40
msRxMin:98"
DA4X61C,bsPwr,42,43,CBEA5,DBEA4,False,False,"SET
FDN:""SubNetwork=ONRM_RootMo,SubNetwork=AXE,MeContext=CBEA5,ManagedElement=CBEA5,BscFunction=1,BscM=1,ExternalGeranCellM=1,ExternalGeranCell=DA4X61C""
bsPwr:43
bsRxMin:96
bsRxSuff:150
bsTxPwr:43
msRxMin:98"
DA4072C,bsPwr,42,43,CBEA5,DBEA4,False,False,"SET
FDN:""SubNetwork=ONRM_RootMo,SubNetwork=AXE,MeContext=CBEA5,ManagedElement=CBEA5,BscFunction=1,BscM=1,ExternalGeranCellM=1,ExternalGeranCell=DA4072C""
bsPwr:43
bsRxMin:96
bsRxSuff:150
bsTxPwr:43
msRxMin:98"
DA4072A,bsPwr,42,41,CBEA5,DBEA4,False,False,"SET
FDN:""SubNetwork=ONRM_RootMo,SubNetwork=AXE,MeContext=CBEA5,ManagedElement=CBEA5,BscFunction=1,BscM=1,ExternalGeranCellM=1,ExternalGeranCell=DA4072A""
bsPwr:41
bsRxMin:96
bsRxSuff:150
bsTxPwr:41
msRxMin:98"
DA4777C,bsPwr,42,43,CBEA5,DBEA4,False,False,"SET
FDN:""SubNetwork=ONRM_RootMo,SubNetwork=AXE,MeContext=CBEA5,ManagedElement=CBEA5,BscFunction=1,BscM=1,ExternalGeranCellM=1,ExternalGeranCell=DA4777C""
bsPwr:43
bsRxMin:96
bsRxSuff:150
bsTxPwr:43
msRxMin:98"
DA4V99B,bsPwr,42,43,CBEA5,DBEA4,False,False,"SET
FDN:""SubNetwork=ONRM_RootMo,SubNetwork=AXE,MeContext=CBEA5,ManagedElement=CBEA5,BscFunction=1,BscM=1,ExternalGeranCellM=1,ExternalGeranCell=DA4V99B""
bsPwr:43
bsRxMin:96
bsRxSuff:150
bsTxPwr:43
msRxMin:98"
DA4V99C,bsPwr,42,43,CBEA5,DBEA4,False,False,"SET
FDN:""SubNetwork=ONRM_RootMo,SubNetwork=AXE,MeContext=CBEA5,ManagedElement=CBEA5,BscFunction=1,BscM=1,ExternalGeranCellM=1,ExternalGeranCell=DA4V99C""
bsPwr:43
bsRxMin:96
bsRxSuff:150
bsTxPwr:43
msRxMin:98"
DA4V99A,bsPwr,42,43,CBEA5,DBEA4,False,False,"SET
FDN:""SubNetwork=ONRM_RootMo,SubNetwork=AXE,MeContext=CBEA5,ManagedElement=CBEA5,BscFunction=1,BscM=1,ExternalGeranCellM=1,ExternalGeranCell=DA4V99A""
bsPwr:43
bsRxMin:96
bsRxSuff:150
bsTxPwr:43
msRxMin:98"
DA4W72C,bsPwr,42,43,CBEA5,DBEA4,False,False,"SET
FDN:""SubNetwork=ONRM_RootMo,SubNetwork=AXE,MeContext=CBEA5,ManagedElement=CBEA5,BscFunction=1,BscM=1,ExternalGeranCellM=1,ExternalGeranCell=DA4W72C""
bsPwr:43
bsRxMin:96
bsRxSuff:150
bsTxPwr:43
msRxMin:98"
DA4GD7B,bsPwr,42,40,CBEA5,DBEA4,False,False,"SET
FDN:""SubNetwork=ONRM_RootMo,SubNetwork=AXE,MeContext=CBEA5,ManagedElement=CBEA5,BscFunction=1,BscM=1,ExternalGeranCellM=1,ExternalGeranCell=DA4GD7B""
bsPwr:40
bsRxMin:96
bsRxSuff:150
bsTxPwr:40
msRxMin:98"
DA5NS7A,bsPwr,42,40,CBEA5,DBEA5,False,False,"SET
FDN:""SubNetwork=ONRM_RootMo,SubNetwork=AXE,MeContext=CBEA5,ManagedElement=CBEA5,BscFunction=1,BscM=1,ExternalGeranCellM=1,ExternalGeranCell=DA5NS7A""
bsPwr:40
bsRxMin:96
bsRxSuff:150
bsTxPwr:40
layer:3
msRxMin:98"
DA5SU4B,bsPwr,42,40,CBEA5,DBEA5,False,False,"SET
FDN:""SubNetwork=ONRM_RootMo,SubNetwork=AXE,MeContext=CBEA5,ManagedElement=CBEA5,BscFunction=1,BscM=1,ExternalGeranCellM=1,ExternalGeranCell=DA5SU4B""
bsPwr:40
bsRxMin:96
bsRxSuff:150
bsTxPwr:40
layer:3
msRxMin:98"
CA4217A,bsPwr,42,43,CBEA5,DBEA4,False,False,"SET
FDN:""SubNetwork=ONRM_RootMo,SubNetwork=AXE,MeContext=CBEA5,ManagedElement=CBEA5,BscFunction=1,BscM=1,ExternalGeranCellM=1,ExternalGeranCell=CA4217A""
bsPwr:43
bsRxMin:96
bsRxSuff:150
bsTxPwr:43
layer:3
layerThr:-80
msRxMin:98"
CGPCHD0A,bsPwr,42,43,CBEB3,CBEC2,False,False,"SET
FDN:""SubNetwork=ONRM_RootMo,SubNetwork=AXE,MeContext=CBEB3,ManagedElement=CBEB3,BscFunction=1,BscM=1,ExternalGeranCellM=1,ExternalGeranCell=CGPCHD0A""
bsPwr:43
bsRxMin:96
bsRxSuff:150
bsTxPwr:43
msRxMin:98"
CGPCHD0C,bsPwr,42,43,CBEB3,CBEC2,False,False,"SET
FDN:""SubNetwork=ONRM_RootMo,SubNetwork=AXE,MeContext=CBEB3,ManagedElement=CBEB3,BscFunction=1,BscM=1,ExternalGeranCellM=1,ExternalGeranCell=CGPCHD0C""
bsPwr:43
bsRxMin:96
bsRxSuff:150
bsTxPwr:43
msRxMin:98"
CC3063A,bsRxMin,150,96,CBEC2,CBEC3,False,False,"SET
FDN:""SubNetwork=ONRM_RootMo,SubNetwork=AXE,MeContext=CBEC2,ManagedElement=CBEC2,BscFunction=1,BscM=1,ExternalGeranCellM=1,ExternalGeranCell=CC3063A""
bsRxMin:96
bsRxSuff:150
msRxMin:98"
CC3063B,bsRxMin,150,96,CBEC2,CBEC3,False,False,"SET
FDN:""SubNetwork=ONRM_RootMo,SubNetwork=AXE,MeContext=CBEC2,ManagedElement=CBEC2,BscFunction=1,BscM=1,ExternalGeranCellM=1,ExternalGeranCell=CC3063B""
bsRxMin:96
bsRxSuff:150
msRxMin:98
msTxPwr:37"
CC3885B,bsRxMin,150,96,CBEC2,CBEC3,False,False,"SET
FDN:""SubNetwork=ONRM_RootMo,SubNetwork=AXE,MeContext=CBEC2,ManagedElement=CBEC2,BscFunction=1,BscM=1,ExternalGeranCellM=1,ExternalGeranCell=CC3885B""
bsRxMin:96
bsRxSuff:150
msRxMin:98
msTxPwr:37"
NOCTK21A,bsRxMin,150,96,DBEA5,CBEA5,False,False,"SET
FDN:""SubNetwork=ONRM_RootMo,SubNetwork=AXE,MeContext=DBEA5,ManagedElement=DBEA5,BscFunction=1,BscM=1,ExternalGeranCellM=1,ExternalGeranCell=NOCTK21A""
bsRxMin:96
bsRxSuff:150
layer:3
layerThr:-80
msRxMin:98"
